universitas,jurusan,semester_type,nama_mk,sks,semester,kategori
"UIN Sunan Ampel Surabaya","Pendidikan Islam Anak Usia Dini","Ganjil","Dasar Dasar Pendidikan AUD",4,1,"Wajib"
"UIN Sunan Ampel Surabaya","Pendidikan Islam Anak Usia Dini","Ganjil","Ilmu Pendidikan Islam",3,1,"Wajib"
"UIN Sunan Ampel Surabaya","Pendidikan Islam Anak Usia Dini","Ganjil","Perkembangan Bahasa AUD",4,1,"Wajib"
"UIN Sunan Ampel Surabaya","Pendidikan Islam Anak Usia Dini","Ganjil","Bahasa Indonesia",3,1,"Wajib"
"UIN Sunan Ampel Surabaya","Pendidikan Islam Anak Usia Dini","Ganjil","Pancasila",2,1,"Wajib"
"UIN Sunan Ampel Surabaya","Pendidikan Islam Anak Usia Dini","Ganjil","Kewarganegaraan",2,1,"Wajib"
"UIN Sunan Ampel Surabaya","Pendidikan Islam Anak Usia Dini","Ganjil","Pengantar Studi Islam",3,1,"Wajib"
"UIN Sunan Ampel Surabaya","Pendidikan Islam Anak Usia Dini","Genap","PAI untuk AUD",4,2,"Wajib"
"UIN Sunan Ampel Surabaya","Pendidikan Islam Anak Usia Dini","Genap","Perkembangan Kognitif AUD",4,2,"Wajib"
"UIN Sunan Ampel Surabaya","Pendidikan Islam Anak Usia Dini","Genap","Perkembangan Motorik dan Fisik AUD",4,2,"Wajib"
"UIN Sunan Ampel Surabaya","Pendidikan Islam Anak Usia Dini","Genap","Perkembangan Seni AUD",2,2,"Wajib"
"UIN Sunan Ampel Surabaya","Pendidikan Islam Anak Usia Dini","Genap","Seni Lukis AUD",2,2,"Wajib"
"UIN Sunan Ampel Surabaya","Pendidikan Islam Anak Usia Dini","Genap","Studi Al-Qur'an",3,2,"Wajib"
"UIN Sunan Ampel Surabaya","Pendidikan Islam Anak Usia Dini","Genap","Studi Al-Hadis",3,2,"Wajib"
"UIN Sunan Ampel Surabaya","Pendidikan Islam Anak Usia Dini","Ganjil","Perkembangan Moral dan Agama AUD",4,3,"Wajib"
"UIN Sunan Ampel Surabaya","Pendidikan Islam Anak Usia Dini","Ganjil","Kurikulum dan  Pembelajaran",4,3,"Wajib"
"UIN Sunan Ampel Surabaya","Pendidikan Islam Anak Usia Dini","Ganjil","Administrasi dan Manajemen",4,3,"Wajib"
"UIN Sunan Ampel Surabaya","Pendidikan Islam Anak Usia Dini","Ganjil","Perkembangan Sosial Emosional AUD",4,3,"Wajib"
"UIN Sunan Ampel Surabaya","Pendidikan Islam Anak Usia Dini","Ganjil","Bermain dan Permainan Anak",4,3,"Wajib"
"UIN Sunan Ampel Surabaya","Pendidikan Islam Anak Usia Dini","Genap","Profesionalisme dan Kepemimpinan",4,4,"Wajib"
"UIN Sunan Ampel Surabaya","Pendidikan Islam Anak Usia Dini","Genap","Assesment Perkembangan AUD",4,4,"Wajib"
"UIN Sunan Ampel Surabaya","Pendidikan Islam Anak Usia Dini","Genap","Keselamatan, Kesehatan, dan Nutrisi",4,4,"Wajib"
"UIN Sunan Ampel Surabaya","Pendidikan Islam Anak Usia Dini","Genap","Pengelolaan Lingkungan Pembelajaran",3,4,"Wajib"
"UIN Sunan Ampel Surabaya","Pendidikan Islam Anak Usia Dini","Genap","Pendidikan Anak Berkebutuhan Khusus",4,4,"Wajib"
"UIN Sunan Ampel Surabaya","Pendidikan Islam Anak Usia Dini","Genap","Pendidikan Keluarga (Parenting Education)",4,4,"Wajib"
"UIN Sunan Ampel Surabaya","Pendidikan Islam Anak Usia Dini","Ganjil","Pengenalan Lapangan Persekolahan  1",2,5,"Wajib"
"UIN Sunan Ampel Surabaya","Pendidikan Islam Anak Usia Dini","Ganjil","Microteaching",2,5,"Wajib"
"UIN Sunan Ampel Surabaya","Pendidikan Islam Anak Usia Dini","Ganjil","Metodologi Penelitian",3,5,"Wajib"
"UIN Sunan Ampel Surabaya","Pendidikan Islam Anak Usia Dini","Ganjil","Statistik Pendidikan",3,5,"Wajib"
"UIN Sunan Ampel Surabaya","Pendidikan Islam Anak Usia Dini","Ganjil","Seni Tari dan Musik",2,5,"Wajib"
"UIN Sunan Ampel Surabaya","Pendidikan Islam Anak Usia Dini","Ganjil","Seni Drama",2,5,"Wajib"
"UIN Sunan Ampel Surabaya","Pendidikan Islam Anak Usia Dini","Ganjil","Public Relation",3,5,"Wajib"
"UIN Sunan Ampel Surabaya","Pendidikan Islam Anak Usia Dini","Ganjil","Public Speaking",3,5,"Wajib"
"UIN Sunan Ampel Surabaya","Pendidikan Islam Anak Usia Dini","Ganjil","MUA (Make Up Artist)",3,5,"Wajib"
"UIN Sunan Ampel Surabaya","Pendidikan Islam Anak Usia Dini","Ganjil","Body Painting",3,5,"Wajib"
"UIN Sunan Ampel Surabaya","Pendidikan Islam Anak Usia Dini","Ganjil","Literasi Digital untuk AUD",3,5,"Wajib"
"UIN Sunan Ampel Surabaya","Pendidikan Islam Anak Usia Dini","Ganjil","Sastra Anak Islami",3,5,"Wajib"
"UIN Sunan Ampel Surabaya","Pendidikan Islam Anak Usia Dini","Genap","Manajemen Sekolah",2,6,"Wajib"
"UIN Sunan Ampel Surabaya","Pendidikan Islam Anak Usia Dini","Genap","Pengembangan Program Sekolah",2,6,"Wajib"
"UIN Sunan Ampel Surabaya","Pendidikan Islam Anak Usia Dini","Genap","Analisis Kurikulum",2,6,"Wajib"
"UIN Sunan Ampel Surabaya","Pendidikan Islam Anak Usia Dini","Genap","Pengenalan Lapangan Persekolahan 2",4,6,"Wajib"
"UIN Sunan Ampel Surabaya","Pendidikan Islam Anak Usia Dini","Genap","Pengembangan Perencanaan Pembelajaran",3,6,"Wajib"
"UIN Sunan Ampel Surabaya","Pendidikan Islam Anak Usia Dini","Genap","Pengembangan Bahan Ajar",3,6,"Wajib"
"UIN Sunan Ampel Surabaya","Pendidikan Islam Anak Usia Dini","Genap","Pengembangan Media Pembelajaran",2,6,"Wajib"
"UIN Sunan Ampel Surabaya","Pendidikan Islam Anak Usia Dini","Genap","Asesmen Pembelajaran",2,6,"Wajib"
"UIN Sunan Ampel Surabaya","Pendidikan Islam Anak Usia Dini","Ganjil","Desain Konten",4,7,"Wajib"
"UIN Sunan Ampel Surabaya","Pendidikan Islam Anak Usia Dini","Ganjil","Edupreneurship",4,7,"Wajib"
"UIN Sunan Ampel Surabaya","Pendidikan Islam Anak Usia Dini","Ganjil","Publikasi Ilmiah Berbasis Prodi",3,7,"Wajib"
"UIN Sunan Ampel Surabaya","Pendidikan Islam Anak Usia Dini","Genap","Kuliah Kerja Nyata (KKN)",4,8,"Wajib"
"UIN Sunan Ampel Surabaya","Pendidikan Islam Anak Usia Dini","Genap","Skripsi",6,8,"Wajib"